#,Methane Conc(%V),pH Bottom,pH Middle,pH Top,Top Temperature Probe(*C),Mid Temperature Probe(*C),Bottom Temperature Probe(*C),IR Digestate Temperature(*C),IR Ambient Temperature(*C),Gas Temperature(*C),Gas Humidity(%),Gas Pressure(hPa),Gas Resistance(KOhms),Altitude(m),Battery Level(%),Charging State,Device Date & Time,Date,Hour
0,1.03,6.69,8.03,7.06,25.5,26,25.5,24.33,23.95,24.62,76.95,975.42,3.27,319.66,80,0,7/10/2024 4:12,7/10/2024 0:00,4
1,1.04,6.68,8,7.05,25,26,25.5,24.33,23.99,24.63,76.96,975.43,5.38,319.66,80,0,7/10/2024 5:12,7/10/2024 0:00,5
2,1.03,6.68,8.08,7.06,25,25.5,25.5,24.21,23.87,24.53,76.99,975.8,6.8,316.48,80,0,7/10/2024 6:13,7/10/2024 0:00,6
3,0.98,6.69,8.37,7.16,25,25.5,25.5,24.05,23.65,24.38,76.93,976.28,13.12,312.36,80,0,7/10/2024 7:20,7/10/2024 0:00,7
4,0.23,6.69,8.2,7.09,25,25.5,25.5,24.17,23.83,24.95,76.94,976.91,10.66,306.87,80,0,7/10/2024 8:21,7/10/2024 0:00,8
5,1.01,6.69,8.22,7.08,25,25.5,25.5,24.23,23.93,25.51,76.95,977.46,10.19,302.24,80,0,7/10/2024 9:22,7/10/2024 0:00,9
6,0.98,6.68,7.86,6.99,25,25.5,25.5,24.95,25.05,27.3,76.48,977.71,9.81,300.1,80,0,7/10/2024 10:23,7/10/2024 0:00,10
7,0.98,6.68,8.04,7,25,25.5,25.5,24.89,24.77,26.45,76.92,977.37,9.85,302.93,80,0,7/10/2024 11:24,7/10/2024 0:00,11
8,0.96,6.68,7.88,6.96,25.5,26,26,25.79,26.25,28.32,76.41,976.99,9.59,306.19,80,0,7/10/2024 12:26,7/10/2024 0:00,12
9,0.96,6.68,7.59,6.93,25.5,26,26,26.23,26.79,28.91,76.05,976.82,9.38,307.73,80,0,7/10/2024 13:27,7/10/2024 0:00,13
10,0.94,6.68,7.48,6.9,26,26,26.5,26.55,26.91,29.65,76.81,975.77,9.23,316.83,80,0,7/10/2024 14:28,7/10/2024 0:00,14
11,1.17,6.68,7.33,6.89,26,26.5,26.5,26.93,27.81,30.18,76.28,975.54,10.11,318.8,80,0,7/10/2024 14:54,7/10/2024 0:00,14
12,1.18,6.68,7.21,6.89,26.5,26.5,26.5,27.05,27.49,29.8,76.13,975.23,9.42,321.29,80,0,7/10/2024 15:55,7/10/2024 0:00,15
13,1.22,6.68,7.35,6.9,26.5,26.5,26.5,26.27,26.21,26.98,76.28,975,9.85,323.35,80,0,7/10/2024 16:56,7/10/2024 0:00,16
14,1.24,6.68,7.43,6.91,26.5,26.5,26.5,25.61,25.31,25.83,76.51,975.05,10.32,322.92,80,0,7/10/2024 17:57,7/10/2024 0:00,17
15,1.23,6.68,7.51,6.93,26,26.5,26.5,25.37,25.05,25.62,76.8,975.32,10.56,320.6,80,0,7/10/2024 18:58,7/10/2024 0:00,18
16,1.23,6.68,7.58,6.93,26,26.5,26.5,25.17,24.71,25.32,76.93,975.98,10.81,314.94,80,0,7/10/2024 19:59,7/10/2024 0:00,19
17,1.22,6.68,7.67,6.94,26,26.5,26.5,24.93,24.51,25.09,76.92,976.46,10.99,310.73,80,0,7/10/2024 21:00,7/10/2024 0:00,21
18,1.21,6.68,7.74,6.95,26,26.5,26,24.87,24.43,25,76.92,976.99,11.15,306.27,80,0,7/10/2024 22:01,7/10/2024 0:00,22
19,1.2,6.68,7.84,6.97,25.5,26,26,24.65,24.23,24.75,76.94,977.22,11.25,304.22,80,0,7/10/2024 23:02,7/10/2024 0:00,23
20,1.18,6.67,7.95,6.98,25.5,26,26,24.57,24.09,24.7,76.99,977.47,11.34,302.07,80,0,7/11/2024 0:03,7/11/2024 0:00,0
21,1.16,6.68,8.07,6.99,25.5,26,26,24.51,24.07,24.74,76.95,977.26,11.43,304.04,80,0,7/11/2024 1:04,7/11/2024 0:00,1
22,1.15,6.68,8.16,7.01,25.5,26,26,24.41,24.01,24.61,76.96,976.48,11.44,310.56,80,0,7/11/2024 2:05,7/11/2024 0:00,2
23,1.13,6.67,8.35,7.03,25.5,26,25.5,24.21,23.79,24.18,76.93,976.12,11.62,313.74,80,0,7/11/2024 3:06,7/11/2024 0:00,3
24,1.13,6.67,8.48,7.04,25,26,25.5,24.09,23.61,24.08,76.94,976.21,11.73,312.88,80,0,7/11/2024 4:07,7/11/2024 0:00,4
25,1.14,6.66,8.55,7.06,25,25.5,25.5,24.03,23.59,24.26,76.94,976.72,11.7,308.5,80,0,7/11/2024 5:08,7/11/2024 0:00,5
26,1.13,6.67,8.63,7.08,25,25.5,25.5,23.91,23.55,24.22,76.94,976.99,11.76,306.19,80,0,7/11/2024 6:10,7/11/2024 0:00,6
27,1.12,6.67,8.7,7.1,25,25.5,25.5,23.91,23.55,24.2,76.95,977.15,11.76,304.82,80,0,7/11/2024 7:11,7/11/2024 0:00,7
28,1.11,6.67,8.7,7.1,24.5,25.5,25,23.91,23.51,24.43,76.95,977.92,11.77,298.22,80,0,7/11/2024 8:12,7/11/2024 0:00,8
29,1.09,6.69,8.72,7.11,24.5,25.5,25,24.05,23.71,25.33,76.84,978.07,11.53,297.02,80,0,7/11/2024 9:13,7/11/2024 0:00,9
30,1.07,6.69,8.66,7.09,24.5,25.5,25,24.39,24.27,26.16,76.79,978.62,11.16,292.22,80,0,7/11/2024 10:14,7/11/2024 0:00,10
31,1.03,6.69,8.36,7.02,25,25.5,25.5,25.05,25.19,27.58,76.56,978.28,10.64,295.22,80,0,7/11/2024 11:15,7/11/2024 0:00,11
32,1.03,6.69,7.8,6.95,25.5,25.5,25.5,25.91,26.51,29.59,76.2,977.99,10,297.62,80,0,7/11/2024 12:16,7/11/2024 0:00,12
33,1.04,6.69,8.01,6.96,25.5,25.5,26,25.59,25.63,27.78,76.6,977.84,10.18,298.99,80,0,7/11/2024 13:17,7/11/2024 0:00,13
34,1,6.69,7.37,6.9,26,26,26,27.05,28.09,31.77,75.69,976.74,9.38,308.42,80,0,7/11/2024 14:19,7/11/2024 0:00,14
35,1.02,6.69,7.53,6.91,26,26,26.5,26.87,27.19,29.49,76.77,976.03,9.34,314.51,80,0,7/11/2024 15:20,7/11/2024 0:00,15
36,1.03,6.69,7.39,6.91,26.5,26.5,26.5,26.85,27.13,29.13,76.63,975.76,9.39,316.74,80,0,7/11/2024 16:21,7/11/2024 0:00,16
37,1.04,6.69,7.31,6.89,26.5,26.5,26.5,26.49,26.65,28.25,76.63,975.75,9.73,316.83,80,0,7/11/2024 17:22,7/11/2024 0:00,17
38,1.05,6.69,7.32,6.9,26.5,26.5,27,26.27,26.25,27.47,76.76,976.06,10.07,314.17,80,0,7/11/2024 18:23,7/11/2024 0:00,18
39,1.07,6.69,7.48,6.91,26.5,26.5,26.5,25.69,25.33,25.82,77.03,976.85,10.53,307.39,80,0,7/11/2024 19:24,7/11/2024 0:00,19
40,1.08,6.69,7.57,6.92,26.5,26.5,26.5,25.35,24.89,25.35,77.07,977.42,10.97,302.5,80,0,7/11/2024 20:25,7/11/2024 0:00,20
41,1.07,6.68,7.67,6.93,26,26.5,26.5,25.13,24.67,25.04,77.08,977.78,11.24,299.5,80,0,7/11/2024 21:26,7/11/2024 0:00,21
42,1.07,6.67,7.82,6.93,26,26.5,26,25.01,24.51,24.9,77.07,978.2,11.43,295.9,80,0,7/11/2024 22:27,7/11/2024 0:00,22
43,1.06,6.67,7.95,6.95,26,26,26,24.81,24.37,24.89,77.08,978.1,11.5,296.67,80,0,7/11/2024 23:28,7/11/2024 0:00,23
44,1.05,6.66,8.05,6.97,25.5,26,26,24.69,24.23,24.58,77.06,977.59,11.6,301.04,80,0,7/12/2024 0:29,7/12/2024 0:00,0
45,1.05,6.67,8.16,7,25.5,26,26,24.53,24.01,24.13,77.04,977.16,11.81,304.73,80,0,7/12/2024 1:30,7/12/2024 0:00,1
46,1.03,6.67,8.18,7.02,25.5,26,26,24.35,23.79,24.01,77.09,976.65,11.91,309.28,80,0,7/12/2024 2:31,7/12/2024 0:00,2
47,1.02,6.66,8.31,7.02,25,26,25.5,24.27,23.77,24.06,77.06,976.17,11.95,313.22,80,0,7/12/2024 3:32,7/12/2024 0:00,3
48,1.01,6.66,8.43,7.05,25,26,25.5,24.11,23.61,24.04,77.07,976.39,12.02,311.42,80,0,7/12/2024 4:33,7/12/2024 0:00,4
49,1.01,6.66,8.64,7.06,25,25.5,25.5,24.09,23.63,24.16,77.08,976.73,12.02,308.59,80,0,7/12/2024 5:34,7/12/2024 0:00,5
50,1.02,6.66,8.6,7.08,25,25.5,25.5,24.03,23.59,24.17,77.06,977.03,12.01,305.85,80,0,7/12/2024 6:35,7/12/2024 0:00,6
51,1.02,6.65,8.79,7.09,25,25.5,25,23.97,23.49,24.3,77.06,977.55,11.98,301.39,80,0,7/12/2024 7:36,7/12/2024 0:00,7
52,1.02,6.66,9.05,7.1,24.5,25.5,25,23.93,23.63,24.71,77.01,978.38,11.84,294.19,80,0,7/12/2024 8:37,7/12/2024 0:00,8
53,1.02,6.66,8.88,7.07,24.5,25.5,25,24.15,23.91,25.82,76.82,978.42,11.5,293.93,80,0,7/12/2024 9:39,7/12/2024 0:00,9
54,1,6.66,8.57,6.97,25,25.5,25,24.99,25.19,28.14,77.13,978.06,10.65,297.1,80,0,7/12/2024 10:40,7/12/2024 0:00,10
55,1,6.65,8.35,6.96,25,25.5,25.5,25.05,25.37,27.67,76.91,977.89,10.24,298.56,80,0,7/12/2024 11:41,7/12/2024 0:00,11
56,1.04,6.64,7.66,6.88,25.5,26,25.5,25.81,26.67,30.27,76.15,977.56,9.64,301.39,80,0,7/12/2024 12:42,7/12/2024 0:00,12
57,1.11,6.64,7.67,6.87,25.5,26,26,26.05,26.65,30.05,76.65,976.85,9.32,307.47,80,0,7/12/2024 13:43,7/12/2024 0:00,13
58,1.22,6.63,7.33,6.84,26,26.5,26,26.67,27.69,30.27,75.89,975.96,8.59,315.11,80,0,7/12/2024 14:44,7/12/2024 0:00,14
59,1.54,6.61,7.28,6.82,26,26.5,26,26.49,26.99,29.1,76,975.41,7.95,319.75,80,0,7/12/2024 15:45,7/12/2024 0:00,15
60,1.95,6.59,7.32,6.81,26,26.5,26.5,26.09,26.37,28.32,76.34,975.57,6.91,318.46,80,0,7/12/2024 16:46,7/12/2024 0:00,16
61,2.4,6.58,7.29,6.8,26,26.5,26.5,25.87,25.95,27.46,76.35,975.66,5.38,317.6,80,0,7/12/2024 17:47,7/12/2024 0:00,17
62,2.99,6.56,7.41,6.8,26,26.5,26.5,25.35,25.13,25.89,76.44,975.95,3.14,315.28,80,0,7/12/2024 18:48,7/12/2024 0:00,18
63,3.49,6.54,7.56,6.8,26,26.5,26.5,25.13,24.71,25.31,76.59,976.27,1.74,312.45,80,0,7/12/2024 19:49,7/12/2024 0:00,19
64,4.15,6.52,7.64,6.78,26,26.5,26,25.05,24.55,25.15,76.55,976.65,0.76,309.1,80,0,7/12/2024 20:50,7/12/2024 0:00,20
65,4.7,6.49,7.73,6.76,25.5,26.5,26,24.93,24.49,24.92,76.49,977.22,0.49,304.22,80,0,7/12/2024 21:51,7/12/2024 0:00,21
66,5.32,6.46,7.79,6.75,25.5,26.5,26,24.89,24.47,24.96,76.46,978.12,0.32,296.59,80,0,7/12/2024 22:52,7/12/2024 0:00,22
67,6.08,6.44,8,6.74,25.5,26.5,26,24.83,24.41,24.84,76.32,977.95,0.25,298.05,80,0,7/12/2024 23:53,7/12/2024 0:00,23
68,6.95,6.42,8.18,6.75,25.5,26,26,24.71,24.27,24.69,76.22,977.59,0.2,301.22,80,0,7/13/2024 0:54,7/13/2024 0:00,0
69,7.96,6.41,8.33,6.76,25.5,26,25.5,24.63,24.13,24.64,76.08,977.52,0.18,301.73,80,0,7/13/2024 1:55,7/13/2024 0:00,1
70,9.07,6.39,8.52,6.76,25,26,25.5,24.47,24.03,24.48,75.91,977.24,0.18,304.13,80,0,7/13/2024 2:56,7/13/2024 0:00,2
71,10.3,6.38,8.55,6.76,25,26,25.5,24.35,23.93,24.49,75.79,977.23,0.18,304.3,80,0,7/13/2024 3:57,7/13/2024 0:00,3
72,11.45,6.36,8.54,6.76,25,26,25.5,24.29,23.85,24.36,75.64,977.38,0.18,302.84,80,0,7/13/2024 4:58,7/13/2024 0:00,4
73,12.82,6.35,8.59,6.76,25,25.5,25.5,24.23,23.79,24.43,75.44,977.67,0.18,300.27,80,0,7/13/2024 5:59,7/13/2024 0:00,5
74,14.03,6.36,8.69,6.8,25,25.5,25.5,24.23,23.81,24.49,75.23,977.94,0.18,298.05,80,0,7/13/2024 7:01,7/13/2024 0:00,7
75,15.18,6.36,8.99,6.82,25,25.5,25,24.21,23.77,24.82,75.18,978.34,0.18,294.7,80,0,7/13/2024 8:03,7/13/2024 0:00,8
76,16.27,6.35,9.08,6.79,25,25.5,25,24.23,23.91,25.45,74.91,978.97,0.18,289.14,80,0,7/13/2024 9:04,7/13/2024 0:00,9
77,17.32,6.34,8.82,6.75,25,25.5,25.5,24.51,24.31,26.26,74.78,979.12,0.18,287.94,80,0,7/13/2024 10:06,7/13/2024 0:00,10
78,17.32,6.33,7.77,6.59,25,26,25.5,25.55,26.39,30.59,74.45,978.73,0.18,291.36,80,0,7/13/2024 11:07,7/13/2024 0:00,11
79,20.51,6.32,7.31,6.57,25.5,26,26,25.79,26.79,30.77,74.04,977.99,0.18,297.79,80,0,7/13/2024 12:09,7/13/2024 0:00,12
80,20.51,6.3,7.24,6.55,25.5,26.5,26,25.81,26.59,29.94,73.91,977.29,0.18,303.79,80,0,7/13/2024 13:10,7/13/2024 0:00,13
81,21.56,6.29,7.08,6.53,26,26.5,26,26.11,26.87,30.48,74.05,976.84,0.18,307.47,80,0,7/13/2024 14:12,7/13/2024 0:00,14
82,22.42,6.3,6.78,6.51,26,27,26.5,26.73,27.95,32.08,73.75,976.12,0.18,313.65,80,0,7/13/2024 15:13,7/13/2024 0:00,15
83,23.5,6.29,6.83,6.51,26.5,27,27,26.65,27.37,30.34,74.27,975.79,0.18,316.57,80,0,7/13/2024 16:15,7/13/2024 0:00,16
84,24.64,6.26,6.87,6.49,26.5,27,27,26.27,26.39,27.69,73.83,976.1,0.18,313.82,80,0,7/13/2024 17:16,7/13/2024 0:00,17
85,25.44,6.25,6.87,6.49,26.5,27.5,27,26.05,25.99,26.78,73.69,976.35,0.18,311.76,80,0,7/13/2024 18:18,7/13/2024 0:00,18
86,33.92,6.12,6.61,6.37,27,27.5,27,26.05,31.11,25.67,72.99,977.85,0.24,298.73,80,0,7/15/2024 20:28,7/15/2024 0:00,20
87,34.19,6.12,6.65,6.36,26.5,27.5,27,26.05,29.47,25.14,72.82,978.5,0.24,293.33,80,0,7/15/2024 21:29,7/15/2024 0:00,21
88,34.37,6.12,6.72,6.38,26.5,27.5,27,26.05,29.67,25.04,72.78,979.03,0.25,288.62,80,0,7/15/2024 22:31,7/15/2024 0:00,22
89,34.51,6.12,6.79,6.39,26.5,27,27,26.05,29.33,24.97,72.78,979.22,0.25,287.08,80,0,7/15/2024 23:32,7/15/2024 0:00,23
90,34.67,6.12,6.86,6.39,26.5,27,26.5,26.05,28.75,24.87,72.76,979.03,0.25,288.71,80,0,7/16/2024 0:33,7/16/2024 0:00,0
91,34.92,6.11,6.92,6.4,26,27,26.5,26.05,28.27,24.81,72.75,978.74,0.26,291.28,80,0,7/16/2024 1:34,7/16/2024 0:00,1
92,34.92,6.11,7.01,6.4,26,27,26.5,26.05,30.77,24.49,72.68,977.99,0.26,297.7,80,0,7/16/2024 2:35,7/16/2024 0:00,2
93,35.1,6.11,7.12,6.41,26,26.5,26.5,26.05,32.95,24.38,72.66,977.55,0.26,301.39,80,0,7/16/2024 3:36,7/16/2024 0:00,3
94,35.28,6.12,7.24,6.43,26,26.5,26,26.05,32.95,24.01,72.62,977.27,0.27,303.87,80,0,7/16/2024 4:37,7/16/2024 0:00,4
95,35.41,6.12,7.33,6.44,25.5,26.5,26,26.05,32.95,23.89,72.58,977.52,0.28,301.64,80,0,7/16/2024 5:38,7/16/2024 0:00,5
96,35.59,6.12,7.43,6.47,25.5,26,26,26.05,32.95,23.9,72.54,977.82,0.28,299.16,80,0,7/16/2024 6:39,7/16/2024 0:00,6
97,35.61,6.12,7.45,6.47,25.5,26,26,26.05,34.47,24.34,72.65,978.1,0.28,296.67,80,0,7/16/2024 7:40,7/16/2024 0:00,7
98,35.45,6.13,7.38,6.46,25.5,26,26,26.05,35.85,25.54,72.89,978.46,0.29,293.59,80,0,7/16/2024 8:41,7/16/2024 0:00,8
99,35.32,6.16,7.05,6.44,25.5,26,26,26.05,38.61,27.62,72.67,978.6,0.29,292.39,80,0,7/16/2024 9:43,7/16/2024 0:00,9
100,35.47,6.16,6.86,6.42,25.5,26.5,26,26.05,39.85,28.32,72.63,979.02,0.3,288.71,80,0,7/16/2024 10:44,7/16/2024 0:00,10
101,35.57,6.16,6.66,6.41,26,26.5,26.5,26.05,40.11,29.54,72.6,979.02,0.31,288.8,80,0,7/16/2024 11:45,7/16/2024 0:00,11
102,35.49,6.17,6.51,6.4,26.5,27,26.5,26.05,39.79,31.63,72.43,978.74,0.3,291.19,80,0,7/16/2024 12:46,7/16/2024 0:00,12
103,36.19,6.15,6.68,6.4,26,27,26.5,26.05,37.93,27.76,73,978.21,0.31,295.73,80,0,7/16/2024 13:47,7/16/2024 0:00,13
104,36.31,6.15,6.52,6.39,26.5,27,27,26.05,41.57,28.91,72.45,977.12,0.32,305.25,80,0,7/16/2024 14:48,7/16/2024 0:00,14
105,36.35,6.15,6.54,6.4,26.5,27,27,26.05,40.93,29.17,72.89,975.9,0.32,315.63,80,0,7/16/2024 15:49,7/16/2024 0:00,15
106,36.7,6.16,6.51,6.39,26.5,27.5,27,26.05,43.63,29.03,73.06,975.44,0.37,319.49,80,0,7/16/2024 16:51,7/16/2024 0:00,16
107,37.13,6.15,6.49,6.39,26.5,27.5,27,26.05,35.39,27.89,73,975.34,0.38,320.35,80,0,7/16/2024 17:52,7/16/2024 0:00,17
108,37.68,6.14,6.53,6.39,26.5,27.5,27,26.05,41.71,26.59,73.02,975.6,0.4,318.11,80,0,7/16/2024 18:53,7/16/2024 0:00,18
109,38.17,6.14,6.63,6.4,26.5,27.5,27,26.05,41.71,25.05,72.84,976.35,0.41,311.85,80,0,7/16/2024 19:54,7/16/2024 0:00,19
110,31.52,6.12,6.66,6.4,26.5,27,27,26.05,41.71,24.92,73.66,977.55,0.67,301.39,80,0,7/16/2024 20:55,7/16/2024 0:00,20
111,31.97,6.11,6.75,6.4,26,27,26.5,26.05,41.71,24.37,73.56,978,0.66,297.53,80,0,7/16/2024 21:56,7/16/2024 0:00,21
112,32.41,6.09,6.8,6.39,26,27,26.5,26.05,41.71,24.52,73.51,978.26,0.66,295.3,80,0,7/16/2024 22:57,7/16/2024 0:00,22
113,32.84,6.09,6.87,6.41,26,26.5,26.5,26.05,41.71,24.52,73.48,978.25,0.66,295.39,80,0,7/16/2024 23:58,7/16/2024 0:00,23
114,33.24,6.09,6.93,6.39,26,26.5,26.5,26.05,41.71,24.61,73.46,978.27,0.66,295.3,80,0,7/17/2024 0:59,7/17/2024 0:00,0
115,33.68,6.09,7.03,6.42,25.5,26.5,26,26.05,41.71,24.36,73.38,977.64,0.67,300.62,80,0,7/17/2024 2:00,7/17/2024 0:00,2
116,34.02,6.09,7.13,6.43,25.5,26.5,26,26.05,41.71,24.32,73.4,977.11,0.68,305.25,80,0,7/17/2024 3:01,7/17/2024 0:00,3
117,34.39,6.08,7.28,6.42,25.5,26.5,26,26.05,41.71,24.11,73.29,976.52,0.69,310.13,80,0,7/17/2024 4:02,7/17/2024 0:00,4
118,34.76,6.07,7.36,6.44,25.5,26,26,26.05,41.71,24,73.25,976.72,0.7,308.59,80,0,7/17/2024 5:03,7/17/2024 0:00,5
119,35.18,6.06,7.45,6.43,25,26,25.5,26.05,41.71,24,73.21,977.37,0.73,302.84,80,0,7/17/2024 6:04,7/17/2024 0:00,6
120,35.54,6.06,7.58,6.46,25,26,25.5,26.05,41.71,23.96,73.18,978.08,0.7,296.76,80,0,7/17/2024 7:05,7/17/2024 0:00,7
121,35.86,6.05,7.64,6.46,25,26,25.5,26.05,41.71,24,73.18,978.59,0.66,292.56,80,0,7/17/2024 8:06,7/17/2024 0:00,8
122,35.95,6.07,7.8,6.47,25,25.5,25.5,26.05,41.71,25.05,73.37,978.84,0.6,290.34,80,0,7/17/2024 9:08,7/17/2024 0:00,9
123,36.03,6.08,7.49,6.44,25,26,25.5,26.05,41.71,26.56,73.32,979.48,0.54,284.86,80,0,7/17/2024 10:09,7/17/2024 0:00,10
124,36.03,6.09,6.82,6.37,25.5,26,25.5,26.05,41.71,28.89,72.94,978.85,0.47,290.25,80,0,7/17/2024 11:10,7/17/2024 0:00,11
125,35.96,6.1,6.75,6.37,25.5,26,26,26.05,41.71,30,73.82,978.41,0.42,294.02,80,0,7/17/2024 12:11,7/17/2024 0:00,12
126,35.77,6.12,6.52,6.36,26,26.5,26,26.05,41.71,32.41,73.72,977.58,0.37,301.3,80,0,7/17/2024 13:12,7/17/2024 0:00,13
127,36.03,6.13,6.44,6.36,26,27,26.5,26.05,41.71,32.41,73.41,976.9,0.3,306.96,80,0,7/17/2024 14:14,7/17/2024 0:00,14
128,36.44,6.13,6.43,6.36,26.5,27,27,26.05,41.71,31.31,73.64,976.16,0.28,313.48,80,0,7/17/2024 15:15,7/17/2024 0:00,15
129,36.31,6.13,6.3,6.34,27,27.5,27.5,26.05,41.71,33.29,73.19,975.32,0.27,320.6,80,0,7/17/2024 16:16,7/17/2024 0:00,16
130,36.88,6.13,6.33,6.35,27,28,27.5,26.05,41.71,30.73,73.8,975.09,0.25,322.58,80,0,7/17/2024 17:17,7/17/2024 0:00,17
131,37.31,6.11,6.31,6.33,27,28,27.5,26.05,41.71,29.12,73.53,975.24,0.24,321.21,80,0,7/17/2024 18:18,7/17/2024 0:00,18
132,37.85,6.08,6.38,6.31,27,28,27.5,26.05,41.71,26.45,73.45,976,0.23,314.77,80,0,7/17/2024 19:18,7/17/2024 0:00,19
133,38.11,6.08,6.44,6.32,27,28,27.5,26.05,41.71,25.45,73.3,976.74,0.22,308.33,80,0,7/17/2024 20:19,7/17/2024 0:00,20
134,37.92,6.07,6.46,6.29,27,27.5,27.5,26.05,41.71,25.24,73.28,977.46,0.23,302.16,80,0,7/17/2024 21:20,7/17/2024 0:00,21
135,38,6.06,6.5,6.31,26.5,27.5,27,26.05,41.71,24.94,73.19,978.01,0.22,297.45,80,0,7/17/2024 22:22,7/17/2024 0:00,22
136,37.95,6.05,6.53,6.3,26.5,27.5,27,26.05,41.71,24.99,73.22,978.47,0.22,293.51,80,0,7/17/2024 23:23,7/17/2024 0:00,23
137,37.89,6.04,6.57,6.3,26.5,27,27,26.05,41.71,24.87,73.16,978.03,0.21,297.36,80,0,7/18/2024 0:24,7/18/2024 0:00,0
138,37.83,6.04,6.63,6.31,26.5,27,27,26.05,41.71,24.71,73.07,977.67,0.21,300.44,80,0,7/18/2024 1:25,7/18/2024 0:00,1
139,37.75,6.03,6.7,6.32,26,27,26.5,26.05,41.71,24.55,73.04,977.47,0.21,302.07,80,0,7/18/2024 2:26,7/18/2024 0:00,2
140,37.65,6.03,6.76,6.33,26,27,26.5,26.05,41.71,24.47,72.98,977.02,0.2,306.02,80,0,7/18/2024 3:27,7/18/2024 0:00,3
141,37.62,6.02,6.83,6.32,26,26.5,26.5,26.05,41.71,24.42,72.95,976.86,0.2,307.3,80,0,7/18/2024 4:28,7/18/2024 0:00,4
142,37.55,6.01,6.87,6.35,26,26.5,26.5,26.05,41.71,24.39,72.91,977.2,0.19,304.47,80,0,7/18/2024 5:29,7/18/2024 0:00,5
143,37.45,6,6.91,6.35,25.5,26.5,26,26.05,41.71,24.35,72.93,977.68,0.19,300.27,80,0,7/18/2024 6:30,7/18/2024 0:00,6
144,37.39,6,7,6.36,25.5,26.5,26,26.05,41.71,24.33,72.89,978.15,0.19,296.25,80,0,7/18/2024 7:31,7/18/2024 0:00,7
145,37.2,6.01,6.95,6.37,25.5,26.5,26,26.05,41.71,25.03,72.92,978.7,0.19,291.54,80,0,7/18/2024 8:32,7/18/2024 0:00,8
146,37.2,6.02,6.87,6.36,25.5,26.5,26,26.05,41.71,25.79,72.91,979.12,0.19,288.03,80,0,7/18/2024 9:33,7/18/2024 0:00,9
147,36.71,6.02,6.83,6.36,25.5,26,26,26.05,41.71,26.52,73.17,979.21,0.19,287.08,80,0,7/18/2024 10:34,7/18/2024 0:00,10
148,36.34,5.98,6.66,6.32,25.5,26.5,26,26.05,41.71,27.98,73.18,978.78,0.18,290.94,80,0,7/18/2024 11:36,7/18/2024 0:00,11
149,35.73,5.99,6.4,6.28,26,26.5,26,26.05,41.71,31.55,72.9,978.17,0.18,296.07,80,0,7/18/2024 12:37,7/18/2024 0:00,12
150,35.21,6.02,6.31,6.29,26,27,26.5,26.05,41.71,34.17,72.91,977.55,0.18,301.39,80,0,7/18/2024 13:38,7/18/2024 0:00,13
151,35.49,6.02,6.29,6.28,26.5,27,27,26.05,41.71,32.65,73.11,976.81,0.18,307.65,80,0,7/18/2024 14:39,7/18/2024 0:00,14
152,34.24,6.04,6.27,6.28,27,27.5,27,26.05,41.71,31.92,73.45,976.24,0.21,312.71,80,0,7/18/2024 15:40,7/18/2024 0:00,15
153,33.96,6.02,6.18,6.26,27.5,28,27.5,26.05,41.71,32.94,73.44,975.82,0.21,316.31,80,0,7/18/2024 16:41,7/18/2024 0:00,16
154,34.2,6.01,6.19,6.26,27.5,28,28,26.05,41.71,30.28,73.44,975.83,0.2,316.23,80,0,7/18/2024 17:42,7/18/2024 0:00,17
155,34.5,6.01,6.23,6.25,27.5,28,28,26.05,41.71,27.8,73.45,976.24,0.21,312.54,80,0,7/18/2024 18:43,7/18/2024 0:00,18
156,34.66,6.01,6.27,6.24,27.5,28,27.5,26.05,41.71,26.13,73.22,976.88,0.21,307.13,80,0,7/18/2024 19:44,7/18/2024 0:00,19
157,34.65,6,6.29,6.24,27,28,27.5,26.05,41.71,25.67,73.21,977.59,0.21,301.04,80,0,7/18/2024 20:45,7/18/2024 0:00,20
158,34.66,6,6.33,6.25,27,28,27.5,26.05,41.71,25.29,73.12,978.52,0.21,292.99,80,0,7/18/2024 21:46,7/18/2024 0:00,21
159,34.66,6,6.35,6.25,27,27.5,27.5,26.05,41.71,25.23,73.07,979.15,0.21,287.68,80,0,7/18/2024 22:47,7/18/2024 0:00,22
160,34.55,5.99,6.37,6.24,27,27.5,27,26.05,41.71,25.12,73.05,979.34,0.21,285.97,80,0,7/18/2024 23:48,7/18/2024 0:00,23
161,34.51,6,6.41,6.25,26.5,27.5,27,26.05,41.71,25.05,73.02,978.84,0.21,290.34,80,0,7/19/2024 0:49,7/19/2024 0:00,0
162,34.4,5.98,6.44,6.24,26.5,27.5,27,26.05,41.71,24.78,72.92,978.02,0.21,297.36,80,0,7/19/2024 1:50,7/19/2024 0:00,1
163,34.4,5.98,6.44,6.24,26.5,27.5,27,26.05,41.71,24.78,72.92,978.02,0.21,297.36,80,0,7/19/2024 1:50,7/19/2024 0:00,1
164,34.29,5.97,6.49,6.25,26.5,27,27,26.05,41.71,24.71,72.92,977.11,0.21,305.25,80,0,7/19/2024 2:51,7/19/2024 0:00,2
165,34.23,5.97,6.53,6.26,26.5,27,26.5,26.05,41.71,24.63,72.93,976.93,0.21,306.79,80,0,7/19/2024 3:52,7/19/2024 0:00,3
166,34.19,5.97,6.6,6.27,26,27,26.5,26.05,41.71,24.64,72.95,976.95,0.21,306.62,80,0,7/19/2024 4:53,7/19/2024 0:00,4
167,34.24,5.98,6.63,6.27,26,27,26.5,26.05,41.71,24.57,72.87,977.18,0.21,304.56,80,0,7/19/2024 5:54,7/19/2024 0:00,5
168,34.25,5.98,6.68,6.28,26,26.5,26.5,26.05,41.71,24.53,72.87,978.04,0.21,297.1,80,0,7/19/2024 6:56,7/19/2024 0:00,6
169,34.24,5.96,6.73,6.27,26,26.5,26,26.05,41.71,24.57,72.87,978.63,0.21,292.05,80,0,7/19/2024 7:57,7/19/2024 0:00,7
170,34.26,5.97,6.79,6.29,26,26.5,26,26.05,41.71,24.75,72.85,979.35,0.21,286.06,80,0,7/19/2024 8:58,7/19/2024 0:00,8
171,34.18,5.98,6.79,6.29,25.5,26.5,26,26.05,41.71,25.49,72.88,979.64,0.22,283.58,80,0,7/19/2024 9:59,7/19/2024 0:00,9
172,34.09,5.99,6.76,6.28,25.5,26.5,26,26.05,41.71,26.23,72.82,979.35,0.22,285.97,80,0,7/19/2024 11:00,7/19/2024 0:00,11
173,33.88,6,6.56,6.27,26,26.5,26,26.05,41.71,27.96,72.84,978.61,0.22,292.39,80,0,7/19/2024 12:01,7/19/2024 0:00,12
174,33.79,6.01,6.51,6.26,26,26.5,26.5,26.05,41.71,28.62,73.16,978.08,0.22,296.85,80,0,7/19/2024 13:02,7/19/2024 0:00,13
175,33.65,6.02,6.4,6.25,26,26.5,26.5,26.05,41.71,29.85,73.06,977.44,0.22,302.42,80,0,7/19/2024 14:03,7/19/2024 0:00,14
176,33.52,6.03,6.33,6.24,26.5,27,26.5,26.05,41.71,31.19,73.2,976.6,0.22,309.53,80,0,7/19/2024 15:05,7/19/2024 0:00,15
177,33.23,6.05,6.18,6.24,27,27.5,27,26.05,41.71,33.98,72.98,975.83,0.22,316.14,80,0,7/19/2024 16:06,7/19/2024 0:00,16
178,33.7,6.05,6.21,6.25,27,27.5,27.5,26.05,41.71,31.52,73.5,975.61,0.22,318.11,80,0,7/19/2024 17:07,7/19/2024 0:00,17
179,34.2,6.04,6.21,6.23,27,28,27.5,26.05,41.71,29.55,73.52,975.96,0.22,315.11,80,0,7/19/2024 18:08,7/19/2024 0:00,18
180,34.79,6.02,6.29,6.24,27,28,27.5,26.05,41.71,26.66,72.85,976.88,0.23,307.13,80,0,7/19/2024 19:09,7/19/2024 0:00,19
181,35.04,6.01,6.32,6.23,27,28,27.5,26.05,41.71,26.2,73.05,977.6,0.23,301.04,80,0,7/19/2024 20:10,7/19/2024 0:00,20
182,35.21,6,6.35,6.24,27,27.5,27.5,26.05,41.71,25.54,72.94,977.55,0.23,301.39,80,0,7/19/2024 21:11,7/19/2024 0:00,21
183,35.43,6,6.39,6.24,27,27.5,27,26.05,41.71,25.3,72.91,977.78,0.23,299.5,80,0,7/19/2024 22:12,7/19/2024 0:00,22
184,35.42,6,6.44,6.25,26.5,27.5,27,26.05,41.71,25.18,72.87,977.54,0.24,301.56,80,0,7/19/2024 23:13,7/19/2024 0:00,23
185,35.47,5.99,6.47,6.25,26.5,27.5,27,26.05,41.71,25.11,72.87,977.3,0.25,303.62,80,0,7/20/2024 0:14,7/20/2024 0:00,0
186,35.53,5.98,6.53,6.25,26.5,27,27,26.05,41.71,24.92,72.82,976.75,0.25,308.33,80,0,7/20/2024 1:15,7/20/2024 0:00,1
187,35.6,5.99,6.62,6.27,26.5,27,26.5,26.05,41.71,24.87,72.8,976.44,0.25,310.99,80,0,7/20/2024 2:16,7/20/2024 0:00,2
188,35.62,6.02,6.73,6.29,26,27,26.5,26.05,41.71,24.74,72.8,976.43,0.26,311.08,80,0,7/20/2024 3:17,7/20/2024 0:00,3
189,35.71,5.99,6.81,6.3,26,27,26.5,26.05,41.71,24.72,72.8,976.33,0.26,311.85,80,0,7/20/2024 4:18,7/20/2024 0:00,4
190,35.79,5.99,6.86,6.3,26,26.5,26.5,26.05,41.71,24.73,72.81,976.39,0.27,311.33,80,0,7/20/2024 5:19,7/20/2024 0:00,5
191,35.89,5.99,6.95,6.32,26,26.5,26,26.05,41.71,24.74,72.78,976.86,0.27,307.39,80,0,7/20/2024 6:21,7/20/2024 0:00,6
192,35.98,5.99,7.04,6.33,25.5,26.5,26,26.05,41.71,24.69,72.74,977.26,0.28,304.04,80,0,7/20/2024 7:22,7/20/2024 0:00,7
193,36.06,6.02,7.15,6.41,25.5,26.5,26,26.05,41.71,24.92,72.7,977.74,0.28,299.93,80,0,7/20/2024 8:23,7/20/2024 0:00,8
194,36.14,6.02,7.29,6.41,25.5,26.5,26,26.05,41.71,25.13,72.89,978.08,0.29,297.02,80,0,7/20/2024 9:25,7/20/2024 0:00,9
195,36.07,6.05,7.35,6.42,25.5,26,26,26.05,41.71,26.03,72.9,978.01,0.29,297.36,80,0,7/20/2024 10:26,7/20/2024 0:00,10
196,36.15,6.05,7.37,6.43,25.5,26,26,26.05,41.71,26.08,72.95,977.85,0.31,298.82,80,0,7/20/2024 11:28,7/20/2024 0:00,11
197,36.3,6.02,7.33,6.41,25.5,26.5,26,26.05,41.71,25.65,72.79,977.33,0.31,303.27,80,0,7/20/2024 12:29,7/20/2024 0:00,12
198,36.41,6.01,7.38,6.4,25.5,26.5,26,26.05,41.71,25.47,72.77,977,0.31,306.27,80,0,7/20/2024 13:31,7/20/2024 0:00,13
199,36.37,6.06,7.44,6.43,25.5,26.5,26,26.05,41.71,26.45,72.65,976.18,0.32,313.14,80,0,7/20/2024 14:32,7/20/2024 0:00,14
200,36.59,6.04,7.44,6.42,25.5,26,26,26.05,41.71,25.55,72.58,975.74,0.37,316.91,80,0,7/20/2024 15:34,7/20/2024 0:00,15
201,36.7,6.03,7.53,6.45,25.5,26,26,26.05,41.71,24.97,72.56,975.08,0.38,322.58,80,0,7/20/2024 16:35,7/20/2024 0:00,16
202,36.8,6.04,7.66,6.47,25.5,26,26,26.05,41.71,24.8,72.57,975.12,0.39,322.24,80,0,7/20/2024 17:37,7/20/2024 0:00,17
203,36.91,6.04,7.67,6.48,25.5,26,25.5,26.05,41.71,24.67,72.6,975.54,0.4,318.72,80,0,7/20/2024 18:38,7/20/2024 0:00,18
204,36.98,6.04,7.78,6.49,25,26,25.5,26.05,41.71,24.46,72.55,975.89,0.41,315.54,80,0,7/20/2024 19:40,7/20/2024 0:00,19
205,37.15,6.04,7.83,6.5,25,26,25.5,26.05,41.71,24.4,72.68,976.78,0.42,307.99,80,0,7/20/2024 20:41,7/20/2024 0:00,20
206,39.05,6.11,9.33,6.4,24,24.5,24.5,26.05,41.71,31.05,72.72,979.66,0.63,283.4,80,0,7/22/2024 11:46,7/22/2024 0:00,11
207,39.06,6.11,9.04,6.38,24,24.5,24.5,26.05,41.71,30.71,72.72,979.54,0.62,284.43,80,0,7/22/2024 11:53,7/22/2024 0:00,11
208,39.57,6.11,8.83,6.41,24.5,25,24.5,26.05,41.71,29.21,73,979.14,0.61,288.03,80,0,7/22/2024 12:54,7/22/2024 0:00,12
209,39.53,6.12,8.02,6.36,24.5,25,25,26.05,41.71,30.2,72.94,978.47,0.58,293.59,80,0,7/22/2024 13:55,7/22/2024 0:00,13
210,39.67,6.13,7.65,6.33,25,25.5,25.5,26.05,41.71,31.09,72.52,977.71,0.56,300.02,80,0,7/22/2024 14:57,7/22/2024 0:00,14
211,40.15,6.12,7.92,6.35,25,25.5,25.5,26.05,41.71,28.82,72.85,977.02,0.53,306.1,80,0,7/22/2024 15:57,7/22/2024 0:00,15
212,40.67,6.1,8.12,6.36,25,26,25.5,26.05,41.71,26.69,72.88,976.97,0.5,306.36,80,0,7/22/2024 16:58,7/22/2024 0:00,16
213,40.95,6.1,8,6.37,25,26,25.5,26.05,41.71,26.3,72.78,977.07,0.47,305.42,80,0,7/22/2024 18:00,7/22/2024 0:00,18
214,41.24,6.09,8.08,6.37,25,26,25.5,26.05,41.71,25.49,72.92,977.5,0.43,301.82,80,0,7/22/2024 19:01,7/22/2024 0:00,19
215,41.59,6.09,8.32,6.39,25,26,25.5,26.05,41.71,24.71,73.05,977.89,0.4,298.39,80,0,7/22/2024 20:02,7/22/2024 0:00,20
216,41.79,6.08,8.48,6.41,25,25.5,25.5,26.05,41.71,24.16,73.01,978.43,0.38,293.85,80,0,7/22/2024 21:03,7/22/2024 0:00,21
217,41.8,6.06,8.56,6.4,25,25.5,25,26.05,41.71,24.29,73.06,979.07,0.37,288.45,80,0,7/22/2024 22:04,7/22/2024 0:00,22
218,41.89,6.05,8.69,6.42,24.5,25.5,25,26.05,41.71,24.19,73.08,979.63,0.31,283.66,80,0,7/22/2024 23:05,7/22/2024 0:00,23
219,41.84,6.04,8.78,6.43,24.5,25.5,25,26.05,41.71,24.18,73.1,979.76,0.31,282.46,80,0,7/23/2024 0:06,7/23/2024 0:00,0
220,41.81,6.02,8.84,6.44,24.5,25.5,25,26.05,41.71,24.14,73.09,979.15,0.32,287.68,80,0,7/23/2024 1:08,7/23/2024 0:00,1
221,41.78,6.04,8.91,6.48,24.5,25,25,26.05,41.71,24.16,73.13,979.07,0.32,288.54,80,0,7/23/2024 2:09,7/23/2024 0:00,2
222,41.7,6.03,9,6.49,24.5,25,25,26.05,41.71,24.07,73.12,978.56,0.37,292.82,80,0,7/23/2024 3:10,7/23/2024 0:00,3
223,41.75,6,9.11,6.5,24.5,25,25,26.05,41.71,23.83,73.16,978.61,0.39,292.39,80,0,7/23/2024 4:11,7/23/2024 0:00,4
224,41.7,5.99,9.26,6.51,24,25,24.5,26.05,41.71,23.84,73.16,978.5,0.4,293.25,80,0,7/23/2024 5:12,7/23/2024 0:00,5
225,41.76,5.99,9.35,6.54,24,25,24.5,26.05,41.71,23.75,73.16,978.74,0.39,291.11,80,0,7/23/2024 6:13,7/23/2024 0:00,6
226,41.86,6.02,9.38,6.62,24,25,24.5,26.05,41.71,23.7,73.14,979.29,0.37,286.49,80,0,7/23/2024 7:15,7/23/2024 0:00,7
227,41.81,6.06,9.46,6.63,24,25,24.5,26.05,41.71,24.29,73.23,980.05,0.31,279.98,80,0,7/23/2024 8:16,7/23/2024 0:00,8
228,41.41,6.1,9.12,6.55,24,25,24.5,26.05,41.71,26.98,73.44,980.6,0.28,275.28,80,0,7/23/2024 9:18,7/23/2024 0:00,9
229,41.19,6.11,8.12,6.42,24.5,25,25,26.05,41.71,29.33,73.19,981.06,0.26,271.43,80,0,7/23/2024 10:19,7/23/2024 0:00,10
230,40.99,6.11,7.68,6.37,24.5,25.5,25,26.05,41.71,30.99,73.29,980.88,0.24,272.89,80,0,7/23/2024 11:21,7/23/2024 0:00,11
231,40.73,6.11,7.18,6.32,25,25.5,25.5,26.05,41.71,32.57,73.13,980.24,0.22,278.44,80,0,7/23/2024 12:22,7/23/2024 0:00,12
232,40.81,6.12,6.98,6.31,25.5,26,26,26.05,41.71,33.37,73.08,979.4,0.21,285.63,80,0,7/23/2024 13:24,7/23/2024 0:00,13
233,40.87,6.12,6.77,6.31,26,26.5,26,26.05,41.71,33.23,73.14,978.7,0.21,291.62,80,0,7/23/2024 14:25,7/23/2024 0:00,14
234,42.7,6.01,6.84,6.21,26.5,27,27,26.05,41.71,24.5,73.33,980.69,0.21,274.6,80,0,7/23/2024 22:47,7/23/2024 0:00,22
235,41.86,6.02,9.38,6.62,24,25,24.5,26.05,41.71,23.7,73.14,979.29,0.37,286.49,80,0,7/23/2024 7:15,7/23/2024 0:00,7
236,41.81,6.06,9.46,6.63,24,25,24.5,26.05,41.71,24.29,73.23,980.05,0.31,279.98,80,0,7/23/2024 8:16,7/23/2024 0:00,8
237,41.41,6.1,9.12,6.55,24,25,24.5,26.05,41.71,26.98,73.44,980.6,0.28,275.28,80,0,7/23/2024 9:18,7/23/2024 0:00,9
238,41.19,6.11,8.12,6.42,24.5,25,25,26.05,41.71,29.33,73.19,981.06,0.26,271.43,80,0,7/23/2024 10:19,7/23/2024 0:00,10
239,40.99,6.11,7.68,6.37,24.5,25.5,25,26.05,41.71,30.99,73.29,980.88,0.24,272.89,80,0,7/23/2024 11:21,7/23/2024 0:00,11
240,40.73,6.11,7.18,6.32,25,25.5,25.5,26.05,41.71,32.57,73.13,980.24,0.22,278.44,80,0,7/23/2024 12:22,7/23/2024 0:00,12
241,40.81,6.12,6.98,6.31,25.5,26,26,26.05,41.71,33.37,73.08,979.4,0.21,285.63,80,0,7/23/2024 13:24,7/23/2024 0:00,13
242,40.87,6.12,6.77,6.31,26,26.5,26,26.05,41.71,33.23,73.14,978.7,0.21,291.62,80,0,7/23/2024 14:25,7/23/2024 0:00,14
243,41.25,6.11,6.74,6.29,26,27,26.5,26.05,41.71,31.28,73.09,978.3,0.2,294.88,80,0,7/23/2024 15:27,7/23/2024 0:00,15
244,41.29,6.11,6.62,6.28,26.5,27,27,26.05,41.71,31.45,73.29,977.96,0.19,297.87,80,0,7/23/2024 16:28,7/23/2024 0:00,16
245,41.49,6.1,6.55,6.27,27,27.5,27,26.05,41.71,30.81,73.62,977.81,0.19,299.16,80,0,7/23/2024 17:30,7/23/2024 0:00,17
246,42.03,6.09,6.51,6.26,27,27.5,27.5,26.05,41.71,29.17,73.38,978.07,0.19,296.93,80,0,7/23/2024 18:31,7/23/2024 0:00,18
247,42.44,6.08,6.71,6.26,27,27.5,27,26.05,41.71,25.78,73.47,978.35,0.18,294.62,80,0,7/23/2024 19:33,7/23/2024 0:00,19
248,42.59,6,6.9,6.21,26.5,27,26.5,26.05,41.71,24.57,73.34,980.91,0.21,272.63,80,0,7/23/2024 23:46,7/23/2024 0:00,23
249,42.4,5.99,6.95,6.2,26,27,26.5,26.05,41.71,24.6,73.4,980.49,0.21,276.31,80,0,7/24/2024 0:47,7/24/2024 0:00,0
250,42.17,5.97,7.04,6.19,26,27,26.5,26.05,41.71,24.39,73.4,979.6,0.21,284,80,0,7/24/2024 1:48,7/24/2024 0:00,1
251,41.96,5.96,7.13,6.2,26,26.5,26.5,26.05,41.71,24.28,73.35,979.18,0.21,287.43,80,0,7/24/2024 2:49,7/24/2024 0:00,2
252,41.67,5.95,7.22,6.2,26,26.5,26,26.05,41.71,24.12,73.34,978.73,0.2,291.28,80,0,7/24/2024 3:50,7/24/2024 0:00,3
253,41.53,5.94,7.25,6.21,25.5,26.5,26,26.05,41.71,24.17,73.31,978.74,0.2,291.28,80,0,7/24/2024 4:51,7/24/2024 0:00,4
254,41.34,5.93,7.29,6.21,25.5,26.5,26,26.05,41.71,24.11,73.24,979.07,0.19,288.45,80,0,7/24/2024 5:52,7/24/2024 0:00,5
255,41.13,5.93,7.18,6.23,25.5,26.5,26,26.05,41.71,24.19,73.29,979.09,0.19,288.28,80,0,7/24/2024 6:54,7/24/2024 0:00,6
256,40.92,5.94,7.1,6.24,25.5,26,26,26.05,41.71,24.36,73.27,979.63,0.19,283.75,80,0,7/24/2024 7:55,7/24/2024 0:00,7
257,40.46,5.96,7.09,6.24,25.5,26,26,26.05,41.71,25.87,73.42,979.83,0.18,281.86,80,0,7/24/2024 8:56,7/24/2024 0:00,8
258,40.24,5.96,6.93,6.23,25.5,26,26,26.05,41.71,26.19,73.14,980.43,0.18,276.73,80,0,7/24/2024 9:57,7/24/2024 0:00,9
259,39.34,5.97,6.77,6.2,25.5,26.5,26,26.05,41.71,28.06,72.93,980.35,0.18,277.42,80,0,7/24/2024 10:58,7/24/2024 0:00,10
260,39.34,5.98,6.59,6.17,25.5,26.5,26,26.05,41.71,30.1,72.73,979.86,0.18,281.61,80,0,7/24/2024 11:59,7/24/2024 0:00,11
261,39.22,5.97,6.6,6.18,26,26.5,26.5,26.05,41.71,28.8,73.03,979.65,0.18,283.58,80,0,7/24/2024 13:01,7/24/2024 0:00,13
262,39.02,5.97,6.47,6.15,26,27,26.5,26.05,41.71,29.39,72.61,979.18,0.18,287.51,80,0,7/24/2024 14:02,7/24/2024 0:00,14
263,38.82,5.96,6.48,6.15,26,27,26.5,26.05,41.71,28.64,73.12,978.43,0.18,294.02,80,0,7/24/2024 15:03,7/24/2024 0:00,15
264,38.39,5.98,6.39,6.14,26.5,27,27,26.05,41.71,30.3,73.54,977.93,0.18,298.13,80,0,7/24/2024 16:04,7/24/2024 0:00,16
265,38.4,5.97,6.33,6.13,26.5,27.5,27,26.05,41.71,29.66,72.73,977.4,0.18,302.76,80,0,7/24/2024 17:05,7/24/2024 0:00,17
266,38.52,5.97,6.35,6.13,26.5,27.5,27,26.05,41.71,27.56,72.76,977.53,0.18,301.56,80,0,7/24/2024 18:06,7/24/2024 0:00,18
267,38.7,5.95,6.41,6.13,26.5,27.5,27,26.05,41.71,25.85,72.72,977.93,0.18,298.13,80,0,7/24/2024 19:07,7/24/2024 0:00,19
268,38.71,5.94,6.47,6.13,26.5,27.5,27,26.05,41.71,24.64,72.88,978.31,0.18,294.88,80,0,7/24/2024 20:08,7/24/2024 0:00,20
269,38.68,5.92,6.5,6.13,26.5,27,27,26.05,41.71,24.19,72.85,978.73,0.18,291.28,80,0,7/24/2024 21:09,7/24/2024 0:00,21
270,38.58,5.91,6.52,6.12,26,27,26.5,26.05,41.71,24.09,72.76,979.09,0.18,288.28,80,0,7/24/2024 22:10,7/24/2024 0:00,22
271,38.51,5.91,6.56,6.13,26,27,26.5,26.05,41.71,24.1,72.74,979.32,0.18,286.4,80,0,7/24/2024 23:11,7/24/2024 0:00,23
272,38.01,5.9,6.6,6.12,26,26.5,26.5,26.05,41.71,24.26,72.74,979.33,0.18,286.23,80,0,7/25/2024 0:12,7/25/2024 0:00,0
273,38.01,5.89,6.63,6.13,26,26.5,26,26.05,41.71,24.21,72.71,979.06,0.18,288.54,80,0,7/25/2024 1:13,7/25/2024 0:00,1
274,37.83,5.89,6.66,6.15,25.5,26.5,26,26.05,41.71,24.19,72.75,978.43,0.18,293.93,80,0,7/25/2024 2:14,7/25/2024 0:00,2
275,37.69,5.89,6.7,6.15,25.5,26.5,26,26.05,41.71,24.19,72.72,978.17,0.18,296.07,80,0,7/25/2024 3:15,7/25/2024 0:00,3
276,37.55,5.87,6.74,6.15,25.5,26.5,26,26.05,41.71,24.07,72.72,978.16,0.18,296.33,80,0,7/25/2024 4:16,7/25/2024 0:00,4
277,37.39,5.87,6.81,6.16,25.5,26,26,26.05,41.71,24.07,72.7,977.96,0.18,297.96,80,0,7/25/2024 5:18,7/25/2024 0:00,5
278,37.37,5.87,6.9,6.18,25.5,26,25.5,26.05,41.71,23.8,72.69,977.98,0.18,297.7,80,0,7/25/2024 6:19,7/25/2024 0:00,6
279,37.96,5.95,6.37,6.12,25.5,26.5,26,26.05,41.71,0,0,977.98,0,0,80,0,7/26/2024 13:20,7/26/2024 0:00,13
280,37.35,5.9,7.08,6.24,25,26,25.5,26.05,41.71,23.83,72.62,978.39,0.18,294.19,80,0,7/25/2024 7:20,7/25/2024 0:00,7
281,37.26,5.91,7.17,6.25,25,26,25.5,26.05,41.71,24.12,72.68,978.97,0.18,289.31,80,0,7/25/2024 8:22,7/25/2024 0:00,8
282,37,5.95,7.05,6.26,25,26,25.5,26.05,41.71,26.03,72.56,979.32,0.19,286.14,80,0,7/25/2024 9:23,7/25/2024 0:00,9
283,36.73,5.96,6.85,6.22,25,26,25.5,26.05,41.71,27.97,72.52,979.6,0.19,283.92,80,0,7/25/2024 10:25,7/25/2024 0:00,10
284,36.1,5.98,6.53,6.18,25.5,26.5,26,26.05,41.71,32.59,72.6,979.18,0.18,287.6,80,0,7/25/2024 11:26,7/25/2024 0:00,11
285,36.35,5.98,6.51,6.17,26,26.5,26,26.05,41.71,30.75,72.64,978.76,0.19,291.02,80,0,7/25/2024 12:28,7/25/2024 0:00,12
286,36.58,5.97,6.51,6.17,26,26.5,26.5,26.05,41.71,29.3,72.87,978.26,0.19,295.22,80,0,7/25/2024 13:29,7/25/2024 0:00,13
287,36.42,5.97,6.34,6.15,26,27,26.5,26.05,41.71,31.12,72.48,977.3,0.19,303.62,80,0,7/25/2024 14:31,7/25/2024 0:00,14
288,36.77,5.96,6.4,6.15,26.5,27,26.5,26.05,41.71,28.45,72.89,976.79,0.19,307.9,80,0,7/25/2024 15:32,7/25/2024 0:00,15
289,36.8,5.97,6.39,6.16,26.5,27,26.5,26.05,41.71,28.69,72.8,976.24,0.2,312.71,80,0,7/25/2024 16:34,7/25/2024 0:00,16
290,37,5.97,6.42,6.17,26.5,27,26.5,26.05,41.71,0,0,976.24,0.18,44330,80,0,7/25/2024 17:35,7/25/2024 0:00,17
291,37,5.96,6.47,6.17,26.5,27,26.5,26.05,41.71,0,0,976.24,0.18,44330,80,0,7/25/2024 18:37,7/25/2024 0:00,18
292,37.49,5.96,6.5,6.17,26.5,27,26.5,26.05,41.71,0,0,976.24,0,0,80,0,7/25/2024 19:38,7/25/2024 0:00,19
293,38.02,5.95,6.37,6.12,25.5,26.5,26,26.05,41.71,0,0,976.24,0,0,80,0,7/26/2024 13:22,7/26/2024 0:00,13
294,38.02,5.94,6.44,6.12,26,26.5,26,26.05,41.71,0,0,976.24,0,0,80,0,7/26/2024 14:22,7/26/2024 0:00,14
295,38.41,5.95,6.36,6.12,26,26.5,26.5,26.05,41.71,0,0,976.24,0,0,80,0,7/26/2024 15:23,7/26/2024 0:00,15
296,38.76,5.94,6.35,6.11,26,27,26.5,26.05,41.71,0,0,976.24,0,0,80,0,7/26/2024 16:24,7/26/2024 0:00,16
297,39.2,5.94,6.36,6.12,26,27,26.5,26.05,41.71,0,0,976.24,0,0,80,0,7/26/2024 17:25,7/26/2024 0:00,17
298,39.54,5.94,6.42,6.12,26,27,26.5,26.05,41.71,0,0,976.24,0,0,80,0,7/26/2024 18:26,7/26/2024 0:00,18
299,39.83,5.93,6.45,6.12,26,27,26.5,26.05,41.71,0,0,976.24,0,0,80,0,7/26/2024 19:27,7/26/2024 0:00,19
300,40.03,5.91,6.49,6.11,26,26.5,26,26.05,41.71,0,0,976.24,0,0,80,0,7/26/2024 20:28,7/26/2024 0:00,20
301,40.19,5.91,6.52,6.12,25.5,26.5,26,26.05,41.71,0,0,976.24,0,0,80,0,7/26/2024 21:29,7/26/2024 0:00,21
302,40.32,5.91,6.58,6.14,25.5,26.5,26,26.05,41.71,0,0,976.24,0,0,80,0,7/26/2024 22:30,7/26/2024 0:00,22
303,40.51,5.91,6.62,6.15,25.5,26.5,26,26.05,41.71,0,0,976.24,0,0,80,0,7/26/2024 23:32,7/26/2024 0:00,23
304,40.58,5.9,6.66,6.14,25.5,26,26,26.05,41.71,0,0,976.24,0,0,80,0,7/27/2024 0:33,7/27/2024 0:00,0
305,40.63,5.9,6.7,6.14,25.5,26,25.5,26.05,41.71,0,0,976.24,0,0,80,0,7/27/2024 1:34,7/27/2024 0:00,1
306,40.77,5.89,6.79,6.15,25,26,25.5,26.05,41.71,0,0,976.24,0,0,80,0,7/27/2024 2:35,7/27/2024 0:00,2
307,40.85,5.88,6.87,6.16,25,26,25.5,26.05,41.71,0,0,976.24,0,0,80,0,7/27/2024 3:36,7/27/2024 0:00,3
308,41.02,5.88,6.96,6.17,25,25.5,25.5,26.05,41.71,0,0,976.24,0,0,80,0,7/27/2024 4:37,7/27/2024 0:00,4
309,41.23,5.88,7.05,6.17,25,25.5,25.5,26.05,41.71,0,0,976.24,0,0,80,0,7/27/2024 5:38,7/27/2024 0:00,5
310,41.37,5.88,7.18,6.21,25,25.5,25,26.05,41.71,0,0,976.24,0,0,80,0,7/27/2024 6:39,7/27/2024 0:00,6
311,41.5,5.89,7.27,6.22,24.5,25.5,25,26.05,41.71,0,0,976.24,0,0,80,0,7/27/2024 7:40,7/27/2024 0:00,7
312,41.45,5.94,7.24,6.25,24.5,25.5,25,26.05,41.71,0,0,976.24,0,0,80,0,7/27/2024 8:42,7/27/2024 0:00,8
313,41.45,5.95,7.02,6.23,24.5,25.5,25,26.05,41.71,0,0,976.24,0,0,80,0,7/27/2024 9:43,7/27/2024 0:00,9
314,41.4,5.97,6.87,6.21,25,25.5,25,26.05,41.71,0,0,976.24,0,0,80,0,7/27/2024 10:44,7/27/2024 0:00,10
315,41.54,5.96,6.78,6.2,25,25.5,25.5,26.05,41.71,0,0,976.24,0,0,80,0,7/27/2024 11:45,7/27/2024 0:00,11
316,41.82,5.97,6.75,6.19,25,26,25.5,26.05,41.71,0,0,976.24,0,0,80,0,7/27/2024 12:46,7/27/2024 0:00,12
317,42.19,5.98,6.85,6.24,25,26,25.5,26.05,41.71,0,0,976.24,0,0,80,0,7/27/2024 13:48,7/27/2024 0:00,13
318,42.42,5.99,6.91,6.26,25,26,25.5,26.05,41.71,0,0,976.24,0,0,80,0,7/27/2024 14:49,7/27/2024 0:00,14
319,42.45,6.01,6.84,6.25,25,26,25.5,26.05,41.71,0,0,976.24,0,0,80,0,7/27/2024 15:51,7/27/2024 0:00,15
320,42.59,6,6.88,6.25,25,26,25.5,26.05,41.71,0,0,976.24,0,0,80,0,7/27/2024 16:53,7/27/2024 0:00,16
321,43.05,6,6.99,6.28,25,26,25.5,26.05,41.71,0,0,976.24,0,0,80,0,7/27/2024 17:54,7/27/2024 0:00,17
322,43.3,5.99,7.06,6.26,25,26,25.5,26.05,41.71,0,0,976.24,0,0,80,0,7/27/2024 18:56,7/27/2024 0:00,18
323,43.5,5.98,7.2,6.28,25,26,25.5,26.05,41.71,0,0,976.24,0,0,80,0,7/27/2024 19:57,7/27/2024 0:00,19
324,43.75,5.97,7.27,6.29,25,25.5,25.5,26.05,41.71,0,0,976.24,0,0,80,0,7/27/2024 20:59,7/27/2024 0:00,20
325,43.95,5.96,7.34,6.3,24.5,25.5,25,26.05,41.71,0,0,976.24,0,0,80,0,7/27/2024 22:00,7/27/2024 0:00,22
326,44.13,5.97,7.41,6.32,24.5,25.5,25,26.05,41.71,0,0,976.24,0,0,80,0,7/27/2024 23:02,7/27/2024 0:00,23
327,44.23,5.96,7.53,6.32,24.5,25.5,25,26.05,41.71,0,0,976.24,0,0,80,0,7/28/2024 0:03,7/28/2024 0:00,0
328,44.41,5.96,7.78,6.35,24.5,25.5,25,26.05,41.71,0,0,976.24,0,0,80,0,7/28/2024 1:05,7/28/2024 0:00,1
329,44.41,5.97,7.75,6.38,24.5,25,25,26.05,41.71,0,0,976.24,0,0,80,0,7/28/2024 2:06,7/28/2024 0:00,2
330,47.64,6.01,7.65,6.52,24,25,24.5,26.05,41.71,0,0,976.24,0,0,80,0,7/29/2024 15:57,7/29/2024 0:00,15
331,48.68,6,7.57,6.45,24,25,24.5,26.05,41.71,0,0,976.24,0,0,80,0,7/29/2024 16:07,7/29/2024 0:00,16
332,49.3,6.03,7.52,6.45,24.25,25,24.69,26.05,41.71,0,0,976.24,0,0,80,0,7/29/2024 16:39,7/29/2024 0:00,16
333,51.08,6.19,9.78,6.88,24.12,24.81,24.56,26.05,41.71,0,0,976.24,0,0,80,0,7/30/2024 16:35,7/30/2024 0:00,16
334,52.34,6.29,8.96,6.71,24.06,24.87,24.5,26.05,41.71,0,0,976.24,0,0,80,0,7/30/2024 17:36,7/30/2024 0:00,17
335,52.8,6.53,8.74,6.71,24.06,24.87,24.56,26.05,41.71,0,0,976.24,0,0,80,0,7/30/2024 18:37,7/30/2024 0:00,18
336,53.44,6.39,8.51,6.69,24.06,24.87,24.5,26.05,41.71,0,0,976.24,0,0,80,0,7/30/2024 19:38,7/30/2024 0:00,19
337,53.44,7.24,8.48,6.71,23.94,24.81,24.44,26.05,41.71,0,0,976.24,0,0,80,0,7/30/2024 20:39,7/30/2024 0:00,20
338,53.76,6.41,8.38,6.72,23.94,24.69,24.37,26.05,41.71,0,0,976.24,0,0,80,0,7/30/2024 21:40,7/30/2024 0:00,21
339,53.99,6.84,8.42,6.8,23.87,24.63,24.25,26.05,41.71,0,0,976.24,0,0,80,0,7/30/2024 22:41,7/30/2024 0:00,22
340,54.13,6.95,8.44,6.8,23.81,24.56,24.19,26.05,41.71,0,0,976.24,0,0,80,0,7/30/2024 23:42,7/30/2024 0:00,23
341,54.23,7.48,8.49,6.79,23.69,24.5,24.12,26.05,41.71,0,0,976.24,0,0,80,0,7/31/2024 0:43,7/31/2024 0:00,0
342,54.26,8.04,8.54,6.79,23.62,24.37,24.06,26.05,41.71,0,0,976.24,0,0,80,0,7/31/2024 1:45,7/31/2024 0:00,1
343,54.43,7.22,8.68,6.84,23.56,24.31,24,26.05,41.71,0,0,976.24,0,0,80,0,7/31/2024 2:45,7/31/2024 0:00,2
344,53.7,7.99,10.14,7.85,23.25,24,23.62,26.05,41.71,0,0,976.24,0,0,80,0,7/31/2024 8:35,7/31/2024 0:00,8
345,54.52,7.06,9.52,6.82,23.38,24.12,23.81,26.05,41.71,0,0,976.24,0,0,80,0,7/31/2024 9:35,7/31/2024 0:00,9
346,54.97,6.79,9.04,6.82,23.5,24.25,23.94,26.05,41.71,0,0,976.24,0,0,80,0,7/31/2024 10:36,7/31/2024 0:00,10
347,54.63,6.53,8.78,6.57,23.75,24.37,24.12,26.05,41.71,0,0,976.24,0,0,80,0,7/31/2024 11:37,7/31/2024 0:00,11
348,54.48,6.33,8.07,6.45,24.19,24.81,24.44,26.05,41.71,0,0,976.24,0,0,80,0,7/31/2024 12:39,7/31/2024 0:00,12
349,54.48,6.29,7.41,6.42,24.63,25.25,24.87,26.05,41.71,0,0,976.24,0,0,80,0,7/31/2024 13:40,7/31/2024 0:00,13
350,55.58,6.29,7.43,6.44,24.81,25.56,25.19,26.05,41.71,0,0,976.24,0,0,80,0,7/31/2024 14:41,7/31/2024 0:00,14
351,56.08,6.27,7.34,6.44,24.87,25.69,25.37,26.05,41.71,0,0,976.24,0,0,80,0,7/31/2024 15:42,7/31/2024 0:00,15
352,56.53,6.27,7.35,6.44,24.87,25.75,25.31,26.05,41.71,0,0,976.24,0,0,80,0,7/31/2024 16:43,7/31/2024 0:00,16
353,56.68,6.28,7.34,6.44,24.94,25.69,25.31,26.05,41.71,0,0,976.24,0,0,80,0,7/31/2024 17:44,7/31/2024 0:00,17
354,57.75,6.27,7.35,6.45,24.94,25.69,25.31,26.05,41.71,0,0,976.24,0,0,80,0,7/31/2024 16:59,7/31/2024 0:00,16
355,56.71,6.27,7.35,6.44,24.94,25.75,25.37,26.05,41.71,0,0,976.24,0,0,80,0,7/31/2024 17:04,7/31/2024 0:00,17
356,56.45,6.28,7.38,6.45,24.94,25.75,25.37,26.05,41.71,0,0,976.24,0,0,80,0,7/31/2024 17:08,7/31/2024 0:00,17
357,57.17,6.28,7.42,6.47,24.87,25.69,25.31,26.05,41.71,0,0,976.24,0,0,80,0,7/31/2024 18:09,7/31/2024 0:00,18
358,57.51,6.3,7.51,6.49,24.81,25.69,25.25,26.05,41.71,0,0,976.24,0,0,80,0,7/31/2024 19:10,7/31/2024 0:00,19
359,57.77,6.36,7.57,6.51,24.75,25.56,25.19,26.05,41.71,0,0,976.24,0,0,80,0,7/31/2024 20:11,7/31/2024 0:00,20
360,57.99,6.83,7.68,6.59,24.63,25.44,25.06,26.05,41.71,0,0,976.24,0,0,80,0,7/31/2024 21:12,7/31/2024 0:00,21
361,58.07,6.82,7.72,6.59,24.56,25.37,24.94,26.05,41.71,0,0,976.24,0,0,80,0,7/31/2024 22:14,7/31/2024 0:00,22
362,58.21,6.63,7.75,6.6,24.44,25.25,24.87,26.05,41.71,0,0,976.24,0,0,80,0,7/31/2024 23:15,7/31/2024 0:00,23
363,58.29,6.44,7.8,6.63,24.31,25.19,24.81,26.05,41.71,0,0,976.24,0,0,80,0,8/1/2024 0:17,8/1/2024 0:00,0
364,58.31,6.37,7.86,6.65,24.31,25.12,24.69,26.05,41.71,0,0,976.24,0,0,80,0,8/1/2024 1:19,8/1/2024 0:00,1
365,58.49,6.32,7.9,6.66,24.19,25.06,24.63,26.05,41.71,0,0,976.24,0,0,80,0,8/1/2024 2:20,8/1/2024 0:00,2
366,58.49,6.31,7.94,6.69,24.12,25,24.56,26.05,41.71,0,0,976.24,0,0,80,0,8/1/2024 3:22,8/1/2024 0:00,3
367,58.72,6.31,7.99,6.72,24.12,24.87,24.56,26.05,41.71,0,0,976.24,0,0,80,0,8/1/2024 4:23,8/1/2024 0:00,4
368,58.85,6.32,8.03,6.74,24,24.81,24.44,26.05,41.71,0,0,976.24,0,0,80,0,8/1/2024 5:25,8/1/2024 0:00,5
369,59.05,6.32,8.07,6.76,23.94,24.75,24.37,26.05,41.71,0,0,976.24,0,0,80,0,8/1/2024 6:26,8/1/2024 0:00,6
370,59.31,6.36,8.13,6.8,23.81,24.69,24.31,26.05,41.71,0,0,976.24,0,0,80,0,8/1/2024 7:28,8/1/2024 0:00,7
371,59.41,6.44,8.19,6.8,23.75,24.63,24.25,26.05,41.71,0,0,976.24,0,0,80,0,8/1/2024 8:29,8/1/2024 0:00,8
372,59.3,6.46,8.25,6.8,23.75,24.63,24.25,26.05,41.71,0,0,976.24,0,0,80,0,8/1/2024 9:32,8/1/2024 0:00,9
373,59.3,6.73,10.28,7.14,23.25,24.12,23.75,26.05,41.71,0,0,976.24,0,0,80,0,8/2/2024 10:42,8/2/2024 0:00,10
374,63.51,6.62,9.79,7.11,23.31,24.12,23.81,26.05,41.71,0,0,976.24,0,0,80,0,8/2/2024 11:42,8/2/2024 0:00,11
375,63.51,6.54,9.59,7.08,23.38,24.19,23.81,26.05,41.71,0,0,976.24,0,0,80,0,8/2/2024 12:43,8/2/2024 0:00,12
376,63.51,6.48,9.43,7.07,23.44,24.19,23.87,26.05,41.71,0,0,976.24,0,0,80,0,8/2/2024 13:44,8/2/2024 0:00,13
377,63.8,6.44,9.26,7.03,23.44,24.25,23.87,26.05,41.71,0,0,976.24,0,0,80,0,8/2/2024 14:45,8/2/2024 0:00,14
378,63.8,6.43,9.14,7,23.44,24.25,23.87,26.05,41.71,0,0,976.24,0,0,80,0,8/2/2024 15:46,8/2/2024 0:00,15
379,64.01,6.43,9.02,6.97,23.44,24.31,23.94,26.05,41.71,0,0,976.24,0,0,80,0,8/2/2024 16:48,8/2/2024 0:00,16
380,65.01,6.34,8.06,6.7,24.31,25.12,24.75,23.11,23.25,0,0,723.7,0,0,80,0,8/3/2024 19:06,8/3/2024 0:00,19
381,67.91,6.32,8.12,6.72,24.25,25.06,24.69,23.11,23.35,0,0,723.7,0.74,44330,80,0,8/3/2024 20:07,8/3/2024 0:00,20
382,68.03,6.32,8.2,6.76,24.12,25,24.63,23.11,23.19,0,0,723.7,1.42,44330,80,0,8/3/2024 21:08,8/3/2024 0:00,21
383,68.14,6.31,8.24,6.76,24.12,24.94,24.56,23.11,23.13,0,0,723.7,0,0,80,0,8/3/2024 22:09,8/3/2024 0:00,22
384,68.23,6.34,8.31,6.82,24,24.81,24.44,23.27,23.15,0,0,723.7,0,0,80,0,8/3/2024 23:11,8/3/2024 0:00,23
385,68.33,6.34,8.35,6.84,24,24.75,24.44,23.15,23.05,23.7,74.33,978.57,0.57,292.73,80,0,8/4/2024 0:12,8/4/2024 0:00,0
386,68.33,6.33,8.38,6.89,23.87,24.69,24.37,23.05,22.97,0,0,978.57,0,0,80,0,8/4/2024 1:13,8/4/2024 0:00,1
387,68.44,6.34,8.45,6.94,23.81,24.63,24.25,23.05,22.91,0,0,978.57,0,44330,80,0,8/4/2024 2:14,8/4/2024 0:00,2
388,68.45,6.33,8.53,6.96,23.75,24.56,24.19,23.03,22.87,23.6,74.36,978.31,0.54,295.05,80,0,8/4/2024 3:15,8/4/2024 0:00,3
389,68.58,6.34,8.6,7.01,23.69,24.5,24.12,22.99,22.85,23.61,74.38,978.46,0.53,293.68,80,0,8/4/2024 4:16,8/4/2024 0:00,4
390,69.34,6.51,6.93,6.7,25.75,26.5,26.12,26.21,26.99,29.6,74.61,977.85,0.67,298.9,80,0,8/6/2024 11:12,8/6/2024 0:00,11
391,68.72,6.51,6.87,6.7,26.06,26.69,26.56,26.83,28.01,31.91,74.42,976.77,0.68,308.16,80,0,8/6/2024 12:12,8/6/2024 0:00,12
392,68.32,6.52,6.82,6.7,26.44,27.06,26.75,27.67,29.35,33.79,74.45,975.79,0.68,316.57,80,0,8/6/2024 13:13,8/6/2024 0:00,13
393,68.86,6.52,6.81,6.71,26.69,27.37,27.06,27.67,29.35,0,0,975.79,0,0,80,0,8/6/2024 14:14,8/6/2024 0:00,14
394,69.22,6.49,6.8,6.68,26.69,27.44,27.06,27.67,29.35,0,0,975.79,0,0,80,0,8/6/2024 15:15,8/6/2024 0:00,15
395,68.92,6.5,6.79,6.69,26.69,27.44,27.06,27.67,29.35,0,0,975.79,0,0,80,0,8/6/2024 16:16,8/6/2024 0:00,16
396,68.92,6.5,6.8,6.69,26.62,27.44,27.06,27.67,29.35,0,0,975.79,0,0,80,0,8/6/2024 17:17,8/6/2024 0:00,17
397,69.29,6.51,6.86,6.73,26.56,27.31,27,25.59,25.27,25.32,75.29,975.44,0.78,319.49,80,0,8/6/2024 18:19,8/6/2024 0:00,18
398,69.3,6.51,6.87,6.74,26.5,27.31,26.94,25.41,24.97,24.9,75.29,975.96,0.82,315.02,80,0,8/6/2024 19:20,8/6/2024 0:00,19
399,69.29,6.52,6.89,6.74,26.37,27.19,26.75,25.23,24.75,24.57,75.3,976.55,0.86,310.05,80,0,8/6/2024 20:22,8/6/2024 0:00,20
400,69.28,6.5,6.89,6.73,26.25,27.06,26.62,24.93,24.47,24.09,75.19,976.79,0.89,307.99,80,0,8/6/2024 21:23,8/6/2024 0:00,21
401,69.19,6.5,6.92,6.74,26.12,26.87,26.5,24.83,24.31,24.11,75.26,977.39,0.92,302.76,80,0,8/6/2024 22:25,8/6/2024 0:00,22
402,69,6.5,6.93,6.75,25.94,26.75,26.37,24.71,24.19,24.04,75.21,977.2,0.94,304.39,80,0,8/6/2024 23:26,8/6/2024 0:00,23
403,68.7,6.49,6.95,6.73,25.81,26.62,26.25,24.59,24.11,24.09,75.23,976.61,0.96,309.53,80,0,8/7/2024 0:28,8/7/2024 0:00,0
404,68.48,6.49,6.96,6.74,25.69,26.5,26.12,24.53,24.05,23.93,75.21,976.08,0.98,314.08,80,0,8/7/2024 1:29,8/7/2024 0:00,1
405,68.24,6.48,6.99,6.74,25.56,26.37,26,24.39,23.85,23.76,75.22,975.27,1,321.03,80,0,8/7/2024 2:31,8/7/2024 0:00,2
406,68.06,6.49,7,6.75,25.5,26.31,25.88,24.29,23.81,23.7,75.2,975.22,1.03,321.46,80,0,8/7/2024 3:32,8/7/2024 0:00,3
407,67.85,6.47,7.02,6.75,25.37,26.12,25.75,24.17,23.65,23.48,75.14,974.94,1.05,323.78,80,0,8/7/2024 4:34,8/7/2024 0:00,4
408,67.72,6.47,7.04,6.74,25.25,26,25.62,24.05,23.55,23.48,75.13,975.46,1.08,319.32,80,0,8/7/2024 5:35,8/7/2024 0:00,5
409,67.46,6.46,7.08,6.75,25.06,25.88,25.5,23.93,23.41,23.5,75.08,975.75,1.17,316.74,80,0,8/7/2024 6:38,8/7/2024 0:00,6
410,67.46,6.54,6.9,6.72,25.69,26.25,25.94,26.31,27.25,31.64,74.75,976.15,1.04,313.57,80,0,8/7/2024 11:16,8/7/2024 0:00,11
411,67.46,6.54,6.83,6.72,26,26.62,26.31,26.87,28.25,32.59,74.57,975.33,1.11,320.52,80,0,8/7/2024 12:18,8/7/2024 0:00,12
412,65.3,6.54,6.81,6.73,26.25,26.87,26.69,27.29,28.61,32.3,74.77,974.68,1.08,326.1,80,0,8/7/2024 13:18,8/7/2024 0:00,13
413,65.57,6.54,6.77,6.73,26.44,27.25,26.94,27.15,28.11,30.51,74.95,974.02,1.09,331.69,80,0,8/7/2024 14:19,8/7/2024 0:00,14
414,65.65,6.53,6.75,6.71,26.56,27.31,26.94,26.49,26.83,28.63,75.14,974.04,1.13,331.52,80,0,8/7/2024 15:20,8/7/2024 0:00,15
415,65.79,6.52,6.76,6.71,26.5,27.31,27,26.11,26.05,27.29,75.28,974.13,1.17,330.83,80,0,8/7/2024 16:21,8/7/2024 0:00,16
416,66.05,6.51,6.76,6.71,26.56,27.31,26.94,25.79,25.51,25.96,75.35,974.75,1.21,325.41,80,0,8/7/2024 17:22,8/7/2024 0:00,17
417,66.15,6.51,6.77,6.71,26.44,27.19,26.81,25.37,24.91,24.91,75.4,974.97,1.25,323.52,80,0,8/7/2024 18:23,8/7/2024 0:00,18
418,66.07,6.5,6.78,6.7,26.25,27.06,26.69,25.19,24.65,24.46,75.35,975.11,1.27,322.41,80,0,8/7/2024 19:24,8/7/2024 0:00,19
419,66.07,6.48,6.8,6.69,26.12,26.94,26.56,24.87,24.31,24.08,75.4,975.75,1.3,316.83,80,0,8/7/2024 20:25,8/7/2024 0:00,20
420,65.94,6.49,6.82,6.7,26,26.81,26.44,24.89,24.33,24.18,75.39,976.25,1.32,312.62,80,0,8/7/2024 21:26,8/7/2024 0:00,21
421,65.8,6.49,6.83,6.7,25.88,26.69,26.31,24.77,24.25,24.16,75.39,976.57,1.33,309.79,80,0,8/7/2024 22:28,8/7/2024 0:00,22
422,65.69,6.47,6.83,6.69,25.75,26.56,26.19,24.59,24.05,23.97,75.34,975.96,1.34,315.02,80,0,8/7/2024 23:29,8/7/2024 0:00,23
423,65.55,6.44,6.84,6.67,25.62,26.37,26.06,24.47,23.91,23.64,75.31,975.53,1.36,318.8,80,0,8/8/2024 0:30,8/8/2024 0:00,0
424,65.69,6.47,6.83,6.69,25.75,26.56,26.19,24.59,24.05,23.97,75.34,975.96,1.34,315.02,80,0,8/7/2024 23:29,8/7/2024 0:00,23
425,65.42,6.43,6.85,6.66,25.5,26.31,25.94,24.29,23.81,23.62,75.31,975.24,1.36,321.21,80,0,8/8/2024 1:31,8/8/2024 0:00,1
426,65.28,6.41,6.86,6.65,25.31,26.19,25.81,24.23,23.69,23.58,75.28,974.99,1.37,323.35,80,0,8/8/2024 2:32,8/8/2024 0:00,2
427,65.09,6.44,6.93,6.7,25.25,26,25.69,23.99,23.51,23.46,75.23,974.95,1.38,323.95,80,0,8/8/2024 3:34,8/8/2024 0:00,3
428,64.98,6.43,6.95,6.71,25.06,25.94,25.62,23.97,23.41,23.4,75.25,975.39,1.39,319.92,80,0,8/8/2024 4:35,8/8/2024 0:00,4
429,64.86,6.43,6.98,6.72,25,25.81,25.44,23.81,23.35,23.28,75.22,975.69,1.4,317.34,80,0,8/8/2024 5:37,8/8/2024 0:00,5
430,64.69,6.43,7.02,6.72,24.87,25.69,25.31,23.79,23.27,23.42,75.29,975.96,1.42,315.02,80,0,8/8/2024 6:38,8/8/2024 0:00,6
431,64.41,6.52,7.11,6.8,24.81,25.62,25.25,23.97,23.49,24.57,75.6,976.53,1.41,310.22,80,0,8/8/2024 7:40,8/8/2024 0:00,7
432,64.06,6.53,7.02,6.78,24.94,25.75,25.44,24.69,24.81,26.7,74.92,977.09,1.37,305.33,80,0,8/8/2024 8:41,8/8/2024 0:00,8
433,64.26,6.55,7.02,6.79,25,25.75,25.37,24.81,24.91,26.26,75.08,976.96,1.37,306.36,80,0,8/8/2024 9:43,8/8/2024 0:00,9
434,64.01,6.56,6.98,6.78,25.19,25.88,25.5,25.25,25.85,28.15,74.52,976.57,1.34,309.79,80,0,8/8/2024 10:44,8/8/2024 0:00,10
435,63.63,6.56,6.97,6.77,25.37,26,25.75,25.85,26.47,30.18,74.68,975.95,1.31,315.11,80,0,8/8/2024 11:46,8/8/2024 0:00,11
436,63.66,6.56,6.9,6.77,25.5,26.25,25.88,25.75,26.41,28.97,74.63,975.43,1.33,319.49,80,0,8/8/2024 12:47,8/8/2024 0:00,12
437,63.71,6.55,6.9,6.77,25.62,26.31,26,25.47,25.71,27.46,74.98,974.91,1.36,324.13,80,0,8/8/2024 13:49,8/8/2024 0:00,13
438,63.85,6.54,6.93,6.77,25.5,26.31,25.94,24.95,24.77,25.71,75.32,974.57,1.41,327.05,80,0,8/8/2024 14:50,8/8/2024 0:00,14
439,63.85,6.53,6.9,6.76,25.56,26.37,26,25.13,25.11,26.17,75.24,974.65,1.43,326.36,80,0,8/8/2024 15:52,8/8/2024 0:00,15
440,62.03,6.55,6.96,6.74,25,25.56,25.31,26.05,27.45,32.65,74.61,977.64,1.38,300.87,80,0,8/9/2024 10:38,8/9/2024 0:00,10
441,62.24,6.56,6.89,6.75,25.31,25.88,25.81,26.55,28.21,33.1,74.32,977.13,1.32,305.07,80,0,8/9/2024 11:38,8/9/2024 0:00,11
